UPC,SKU
840038783007,100950-CowboyChaps-4-6
840038783014,100950-CowboyChaps-8-12
840038772520,103021-EncantoSatchel
197895022436,103059-TurkeyHatGlasses
197895029282,103070-KrampusPlushToy
840038780365,10PackAnimalPackCape-Kids
840038780341,10PackBlueCape-Kids
840038780389,10PackGreenCape-Kids
840038780402,10PackMermaidCape-Kids
840038780280,10PackPandaCape-Kids
840038780327,10PackPinkCape-Kids
840038780303,10PackRedCape-Kids
840038780440,10PackUFOCape-Kids
840038780426,10PackUnicornCape-Kids
840038751716,1246-NapoleonKit-Child
840038751754,1246-NapoleonKit-Shirt-L
840038751747,1246-NapoleonKit-Shirt-M
840038751730,1246-NapoleonKit-Shirt-S
840038751723,1246-NapoleonKit-Shirt-XS
840038768691,1259-IslandBoyWig-Blonde
840038768707,1260-IslandBoyWig-Brown
840038749010,204070-DetectiveGREENShirt-3XL
197895025833,210534-PugsleyWednesdaySwtr-3XL
197895025802,210534-PugsleyWednesdaySwtr-L
197895025796,210534-PugsleyWednesdaySwtr-M
197895025789,210534-PugsleyWednesdaySwtr-S
840038711956,220710-FiremanChildCostume-2/3T
840038712052,220711-VetLabCoatKids-10/12
840038712014,220711-VetLabCoatKids-2/3T
840038712021,220711-VetLabCoatKids-4/5T
840038712038,220711-VetLabCoatKids-6/7
840038712076,220712-DoctorScrubsKids-2/3T
840038712182,220713-ChefCostumeKids-14/16
840038712151,220713-ChefCostumeKids-6/7T
840038712243,220714-TrainEngineerChildCostume-14/16
840038712205,220714-TrainEngineerChildCostume-4/5
840038715398,220716-DragonFlappySuit1-10/12
840038715404,220716-DragonFlappySuit1-14/16
840038715367,220716-DragonFlappySuit1-4/5T
840038715374,220716-DragonFlappySuit1-6/7
840038715381,220716-DragonFlappySuit1-8/9
840038715527,220718-PandaFlappySuit1-14/16
840038715473,220718-PandaFlappySuit1-2/3T
840038715480,220718-PandaFlappySuit1-4/5T
840038715497,220718-PandaFlappySuit1-6/7
840038715503,220718-PandaFlappySuit1-8/9
840038715572,220719-UnicornFlappySuit1-10/12
840038715534,220719-UnicornFlappySuit1-2/3T
840038715541,220719-UnicornFlappySuit1-4/5T
840038715558,220719-UnicornFlappySuit1-6/7
840038715633,220720-BunnyFlappySuit1-10/12
840038715596,220720-BunnyFlappySuit1-2/3T
840038715602,220720-BunnyFlappySuit1-4/5T
840038715619,220720-BunnyFlappySuit1-6/7
840038715695,220721-LionFlappySuit1-10/12
840038715701,220721-LionFlappySuit1-14/16
840038715657,220721-LionFlappySuit1-2/3T
840038715664,220721-LionFlappySuit1-4/5T
840038715671,220721-LionFlappySuit1-6/7
840038715763,220722-ElephantFlappySuit1-14/16
840038715725,220722-ElephantFlappySuit1-4/5T
840038715817,220723-MonkeyFlappySuit1-10/12
840038715770,220723-MonkeyFlappySuit1-2/3T
840038715787,220723-MonkeyFlappySuit1-4/5T
840038715794,220723-MonkeyFlappySuit1-6/7
840038715800,220723-MonkeyFlappySuit1-8/9
840038715879,220724-CatFlappySuit1-10/12
840038715350,220724-CatFlappySuit1-14/16
840038715831,220724-CatFlappySuit1-2/3T
840038715848,220724-CatFlappySuit1-4/5T
840038715855,220724-CatFlappySuit1-6/7
840038715862,220724-CatFlappySuit1-8/9
840038715459,220725-DogFlappySuit1-10/12
840038715466,220725-DogFlappySuit1-14/16
840038715435,220725-DogFlappySuit1-6/7
840038715442,220725-DogFlappySuit1-8/9
840038734900,220732-TigerFlappySuit-CHILD-4/5
840038734924,220732-TigerFlappySuit-CHILD-8/9
840038744510,220733-WaldoOnesie-24M
840038783236,220753-RockfordPeachesBOYS-18-24M
840038783229,220753-RockfordPeachesBOYS-6-12M
840038779987,220759-CluesShirtKIDS-BLUE-10-12
840038745319,220797-CaddyJumpsuit-10/12
840038751587,220797-CaddyJumpsuit-4/5
840038745302,220797-CaddyJumpsuit-7/8
840038751570,220797-CaddyJumpsuit-8/9
840038746590,220813-CluesShirtKIDS-GREEN-2T
840038746620,220813-CluesShirtKIDS-GREEN-5/6
840038747184,220823-PinkBunny-KIDS-10/12
840038747139,220823-PinkBunny-KIDS-12-18m
840038747146,220823-PinkBunny-KIDS-2T
840038747122,220823-PinkBunny-KIDS-3-6m
840038747153,220823-PinkBunny-KIDS-3/4T
840038747160,220823-PinkBunny-KIDS-5/6
840038747177,220823-PinkBunny-KIDS-7/8
840038747887,220830-BluesCluesOnesie-KIDS-2T
840038747894,220830-BluesCluesOnesie-KIDS-3/4
840038747900,220830-BluesCluesOnesie-KIDS-5/6
197895024188,220831-BlueDogCostume-2
197895024195,220831-BlueDogCostume-3-4
197895024201,220831-BlueDogCostume-5-6
197895024218,220831-BlueDogCostume-7-8
197895024225,220832-OrangeDogCostume-2
197895024232,220832-OrangeDogCostume-3-4
197895024249,220832-OrangeDogCostume-5-6
197895024256,220832-OrangeDogCostume-7-8
840038748686,220845-BoxingRobeKids-Blu
840038751655,220845-CustomRobeKids-Blu
840038748709,220846-BoxingRobeKids-Flag
840038748693,220846-BoxingRobeKids-Red
840038751631,220846-CustomRobeKids-Flag
840038751662,220846-CustomRobeKids-Red
840038748884,220850-ChuckieCostume-10-12T
840038771264,220850-ChuckieCostume-12M
840038748853,220850-ChuckieCostume-3-4T
840038748877,220850-ChuckieCostume-7-8T
840038763771,220879-BrideChuckieKids-10-12
197895025413,220879-BrideChuckieKids-14T
840038763733,220879-BrideChuckieKids-2T
840038763740,220879-BrideChuckieKids-3-4
840038763757,220879-BrideChuckieKids-5-6
840038763764,220879-BrideChuckieKids-7-8
197895030424,220884-GoodBurgerCostume-XS
840038777983,220897-BeavisCostumeSet-M
840038766710,220907-CandyWorker-10/12
840038779123,220907-CandyWorker-12M
840038766673,220907-CandyWorker-2T
840038766680,220907-CandyWorker-3/4
840038766697,220907-CandyWorker-5/6
840038766703,220907-CandyWorker-7/8
840038767144,220913-JoeDirtCostumeSet-M
840038779048,220916-FlintTropics-KIDS-10/12
840038778881,220916-FlintTropics-KIDS-2T
840038778898,220916-FlintTropics-KIDS-3/4
840038779024,220916-FlintTropics-KIDS-5/6
840038779031,220916-FlintTropics-KIDS-7/8
840038767625,220920-BigNateShirt-10/12
840038767632,220920-BigNateShirt-14/16
840038767601,220920-BigNateShirt-5/6
840038769735,220929-LucyDressKids-2-3
840038769742,220929-LucyDressKids-4-5
840038769759,220929-LucyDressKids-7-8
840038774951,220965-GhostSpiderOnesie-2T
840038774975,220965-GhostSpiderOnesie-5-6
840038774982,220965-GhostSpiderOnesie-7-8
840038781331,220993-WarriorsKids-10-12Y
840038781294,220993-WarriorsKids-2T
840038781300,220993-WarriorsKids-3-4T
840038781317,220993-WarriorsKids-5-6Y
840038781324,220993-WarriorsKids-7-8Y
197895030455,220994-SheriffKidsShirt-14
840038781362,220994-SheriffKidsShirt-5-6Y
840038783076,221013-ScoopsAhoyKIDS-10-12Y
840038783045,221013-ScoopsAhoyKIDS-2T
840038783052,221013-ScoopsAhoyKIDS-3-4T
840038783069,221013-ScoopsAhoyKIDS-5-6Y
197895024133,221050-KenShirtShortsSet-L
197895024126,221050-KenShirtShortsSet-M
197895024119,221050-KenShirtShortsSet-S
840038780358,5PackAnimalPackCape-Kids
840038780334,5PackBlueCape-Kids
840038780372,5PackGreenCape-Kids
840038780396,5PackMermaidCape-Kids
840038780273,5PackPandaCape-Kids
840038780310,5PackPinkCape-Kids
840038780297,5PackRedCape-Kids
840038780433,5PackUFOCape-Kids
840038780419,5PackUnicornCape-Kids
722034629735,ABCStrangerThingsUglySweater001-L
722034629728,ABCStrangerThingsUglySweater001-M
722034629711,ABCStrangerThingsUglySweater001-S
722034629742,ABCStrangerThingsUglySweater001-XL
722034629759,ABCStrangerThingsUglySweater001-XXL
722034629766,ABCStrangerThingsUglySweater001-XXXL
768352283792,americanflagcape001-child
840038780259,CowgirlShirt-KIDS-204051-10/12
840038780211,CowgirlShirt-KIDS-204051-2T
840038780228,CowgirlShirt-KIDS-204051-3/4
840038780242,CowgirlShirt-KIDS-204051-7/8
840038713639,Custom-220710-FiremanChildCostume-2-3
840038722778,Custom-220712-DoctorScrubsKids-10-12
840038722730,Custom-220712-DoctorScrubsKids-2-3
840038722747,Custom-220712-DoctorScrubsKids-4-5
840038722754,Custom-220712-DoctorScrubsKids-6-7
840038781652,Custom-CarPlush-Blue
840038781669,Custom-CarPlush-Gray
840038781676,Custom-CarPlush-Green
840038781683,Custom-CarPlush-Red
840038763467,custom-KidsCape-Blue
840038763474,custom-KidsCape-Green
840038763412,custom-KidsCape-Hulk
840038763429,custom-KidsCape-IronMan
840038763481,custom-KidsCape-Orange
840038763498,custom-KidsCape-Pink
840038763504,custom-KidsCape-Purple
840038763436,custom-KidsCape-Spidergirl
840038763405,custom-KidsCape-Spiderman
840038763450,custom-KidsCape-Thor
840038763528,custom-KidsCape-Yellow
840038753994,custom-PJSET-Gray-Jog-2T
840038754014,custom-PJSET-Gray-Jog-4T
840038754021,custom-PJSET-Gray-Jog-5_6
840038754038,custom-PJSET-Gray-Jog-7_8
840038754120,custom-PJSET-Red-Lng-2T
840038754144,custom-PJSET-Red-Lng-4T
840038754151,custom-PJSET-Red-Lng-5_6
840038754168,custom-PJSET-Red-Lng-7_8
722034628004,CUSTOMcapeCHILDblk-blk
722034628011,CUSTOMcapeCHILDblu-blu
722034628042,CUSTOMcapeCHILDpink-pink
722034628028,CUSTOMcapeCHILDred-red
840038713356,CustomSublimationCapeKIDS-BlackWhite
840038700493,customUnionSuitGrey-14-16
840038700462,customUnionSuitGrey-5-6
840038700479,customUnionSuitGrey-7-8
840038700547,customUnionSuitRed-10-12
840038700554,customUnionSuitRed-14-16
840038700516,customUnionSuitRed-3-4
840038700523,customUnionSuitRed-5-6
840038700530,customUnionSuitRed-7-8
840038713721,EMB-220711-VetLabCoatKids-2-3
840038713752,EMB-220711-VetLabCoatKids-8-9
840038713295,EMB-220713-ChefCostumeKids-2-3
840038713301,EMB-220713-ChefCostumeKids-4-5
840038713578,EMB-220715-AirForcePilotKids-2-3
840038780532,flocostumeKIDS
722034632810,hulk007N-12
840038751846,HulkamaniaKIDS-YelSunYelBan-L
840038751839,HulkamaniaKIDS-YelSunYelBan-M
840038751822,HulkamaniaKIDS-YelSunYelBan-S
722034637020,HumpingReindeer-AnimatedPlush
840038780174,leagueoftheirownGIRLS-10/12
840038783250,leagueoftheirownGIRLS-18-24M
840038783243,leagueoftheirownGIRLS-6-12M
722034637037,NaughtyHappySnowman-AnimatedPlushy
886726682634,powerrangers018green-0/6
722034629025,RacineBellsCostumeDressGirls-2
840038771707,RalphieGlassesCrack
722034637044,Santa-AnimatedPlushy
840038740031,SharkChubsuit-220069-CHILD
B00O3KF6IO,superherocape002
768352280357,superherocape002CHILDorng-grn
768352280418,superherocape002CHILDorng-yel
768352280296,superherocape002CHILDred-blu
886726683280,tmnt056Don-2T
886726683327,tmnt056Don-7T
886726683136,tmnt056Raph-2T
886726683143,tmnt056Raph-3T
886726683174,tmnt056Raph-7T
197895024317,tmnteyemaskset-KIDS
840038771851,tmntonesieBLUE1-12m
840038771868,tmntonesieBLUE1-18m
840038771875,tmntonesieBLUE1-24m
840038771844,tmntonesieBLUE1-6m
840038771820,tmntonesieORANGE1-18m
840038771837,tmntonesieORANGE1-24m
840038771806,tmntonesieORANGE1-6m
840038771783,tmntonesiePURPLE1-18m
840038771790,tmntonesiePURPLE1-24m
840038771769,tmntonesiePURPLE1-6m
840038771738,tmntonesieRED1-12m
840038771745,tmntonesieRED1-18m
840038771752,tmntonesieRED1-24m
840038771721,tmntonesieRED1-6m
840038700875,TreeRexLightUpUCS-3XL
840038700882,TreeRexLightUpUCS-4XL
840038700844,TreeRexLightUpUCS-L
840038700837,TreeRexLightUpUCS-M
840038700820,TreeRexLightUpUCS-S
840038700851,TreeRexLightUpUCS-XL
840038700813,TreeRexLightUpUCS-XS
840038700868,TreeRexLightUpUCS-XXL
197895030226,TreeRexLightUpUCS-5XL
722034630144,UglySweater-YetitoParty-3XL
722034630090,UglySweater-YetitoParty-FBA-S UglySweater-YetitoParty-S
722034630113,UglySweater-YetitoParty-L
722034630106,UglySweater-YetitoParty-M
722034630120,UglySweater-YetitoParty-XL
722034630137,UglySweater-YetitoParty-XXL
768352282405,uglysweater044-L
768352282382,uglysweater044-S
768352282399,uglysweater044-M
768352282375,uglysweater044-XS
768352282429,uglysweater044-XXL
768352282436,uglysweater044-XXXL
747726682829,uglysweater52-4XL uglysweater52-FBA-4XL
747726682805,uglysweater52-FBA-2XL uglysweater52-XXL
747726682775,uglysweater52-FBA-M uglysweater52-M
747726682768,uglysweater52-FBA-S uglysweater52-S
747726683598,uglysweater66-3XL
840038701544,uglysweater66-4XL
747726683567,uglysweater66-L
747726683543,uglysweater66-S
840038744411,uglysweater66-XS
747726683734,uglysweater69-L
747726683727,uglysweater69-M
747726683741,uglysweater69-XL
747726683765,uglysweater69-3XL
840038769889,UP-SashPinsFlag-Hat-KIDS
840038780594,usa002-10/12
840038780556,usa002-2T
840038780563,usa002-3/4
840038780570,usa002-5/6
840038780587,usa002-7/8
840038782574,wrestlingbootsCH-1/2BLK
840038782628,wrestlingbootsCH-1/2W
840038782581,wrestlingbootsCH-3/4BLK
840038782635,wrestlingbootsCH-3/4W
840038782598,wrestlingbootsCH-5/6BLK
840038782642,wrestlingbootsCH-5/6W
840038782659,wrestlingbootsCH-7/8W
840038782611,wrestlingbootsCH-9/10BLK
840038782666,wrestlingbootsCH-9/10W
840038772438,wutang002N-12m
840038772445,wutang002N-18m
840038772452,wutang002N-24m
840038772421,wutang002N-6m